"Customer_Id","First_Name","Last_Name","Email_ID","Phone_Number","State","Country","Sign_up_date"
1,"Freedman","Akroyd","fakroyd0@umich.edu","913-680-9878","Kansas","United States","07-Aug-2010"
2,"Nollie","Haibel","nhaibel1@mediafire.com","480-518-4776","Arizona","United States","11-Mar-2009"
3,"Pepito","Schlag","pschlag2@shop-pro.jp","602-404-5887","Arizona","United States","07-Feb-2014"
4,"Cash","De Banke","cdebanke3@last.fm","937-223-5664","Ohio","United States","05-Nov-2017"
5,"Gale","Hawker","ghawker4@lulu.com","571-914-8911","Virginia","United States","25-Jun-2007"
6,"Adriaens","Klosges","aklosges5@surveymonkey.com","727-268-1299","Florida","United States","05-Aug-2017"
7,"Patrizia","Haslehurst","phaslehurst6@auda.org.au","126-676-8457","Berlin","Germany","15-Jul-2019"
8,"Nikki","Clifton","nclifton7@mozilla.org","549-306-6130","Nordrhein-Westfalen","Germany","26-Jun-2019"
9,"Ryun","Govier","rgovier8@squarespace.com","727-548-3002","Florida","United States","19-Dec-2000"
10,"Gwenny","Macguire","gmacguire9@lulu.com","135-737-2506","Berlin","Germany","07-Nov-2006"
11,"Virginie","Westphalen","vwestphalena@unicef.org","540-242-8726","Virginia","United States","08-Apr-2005"
12,"Hervey","Buxcey","hbuxceyb@twitter.com","313-812-1632","Michigan","United States","19-Oct-1999"
13,"Fletch","Bultitude","fbultitudec@istockphoto.com","207-461-4242","Hamburg","Germany","23-Apr-2014"
14,"Nickolaus","Howlings","nhowlingsd@nature.com","255-411-5506","Niedersachsen","Germany","29-Apr-2016"
15,"Ade","McGing","amcginge@merriam-webster.com","915-782-0116","Texas","United States","18-Aug-2013"
16,"Christal","Gudgin","cgudginf@yandex.ru","602-879-3045","Arizona","United States","31-Aug-2010"
17,"Florie","Wybern","fwyberng@networksolutions.com","469-747-7523","Texas","United States","25-May-2011"
18,"Jeanie","Parrett","jparretth@youku.com","832-909-9770","Texas","United States","02-Feb-2014"
19,"Pete","Tyson","ptysoni@nasa.gov","314-175-8036","Kentucky","United States","16-Jul-2016"
20,"Bobbye","Beynke","bbeynkej@si.edu","558-184-2235","Baden-Württemberg","Germany","10-May-2005"
21,"Carlynne","O'Neil","coneilk@comsenz.com","612-731-9991","New South Wales","Australia","15-Sep-2019"
22,"Mariette","Fountaine","mfountainel@posterous.com","303-309-3726","Colorado","United States","19-Jan-1999"
23,"Ronni","Bullingham","rbullinghamm@umich.edu","214-541-7322","Texas","United States","13-Oct-2011"
24,"Lucais","Bourgour","lbourgourn@ocn.ne.jp","260-483-1907","Indiana","United States","31-Dec-2015"
25,"Hamil","Newitt","hnewitto@furl.net","812-228-9854","Indiana","United States","17-Mar-2013"
26,"Davita","Duffield","dduffieldp@redcross.org","323-525-3761","Schleswig-Holstein","Germany","24-Aug-2017"
27,"Laryssa","Manwaring","lmanwaringq@redcross.org","423-918-3553","Tennessee","United States","23-Jan-2011"
28,"Kellen","Sloegrave","ksloegraver@ifeng.com","312-330-6800","Illinois","United States","03-Feb-2012"
29,"Kyle","Powney","kpowneys@sun.com","502-647-5945","Kentucky","United States","01-Jun-2018"
30,"Garvin","Thirst","gthirstt@shutterfly.com","339-625-2465","Massachusetts","United States","21-May-2005"
31,"Tann","Cowern","tcowernu@quantcast.com","256-128-4365","Alabama","United States","12-Aug-2016"
32,"Raff","Scantlebury","rscantleburyv@simplemachines.org","480-693-5144","Arizona","United States","05-Sep-2000"
33,"Llewellyn","Gilbertson","lgilbertsonw@narod.ru","353-461-3881","Hamburg","Germany","19-Jun-1999"
34,"Alix","Pawlowicz","apawlowiczx@japanpost.jp","713-376-4340","Texas","United States","07-Jul-2001"
35,"Abe","Wearden","aweardeny@usgs.gov","734-847-8062","Michigan","United States","30-Jul-2011"
36,"Abdul","Robers","arobersz@engadget.com","901-859-3523","Tennessee","United States","21-Sep-2017"
37,"Ware","McDugal","wmcdugal10@1688.com","405-964-1932","Oklahoma","United States","26-Sep-2002"
38,"Jorey","Shillabeer","jshillabeer11@lulu.com","509-972-4888","South Australia","Australia","11-Sep-2005"
39,"Elinore","Jarman","ejarman12@cmu.edu","859-679-7717","Kentucky","United States","04-Jun-2006"
40,"Chandal","Joynson","cjoynson13@soundcloud.com","899-258-0430","Hamburg","Germany","13-Nov-2014"
41,"Antonio","Redparth","aredparth14@dot.gov","904-634-9838","Florida","United States","27-Dec-2018"
42,"Markos","Isaksson","misaksson15@ucoz.ru","231-360-3392","Michigan","United States","18-Mar-2016"
43,"Sanderson","Moffet","smoffet16@va.gov","310-375-2090","California","United States","16-Jan-2004"
44,"Marcus","Purdey","mpurdey17@google.com","513-663-9476","Ohio","United States","27-Jun-2001"
45,"Riordan","Miall","rmiall18@newsvine.com","305-821-0654","Florida","United States","08-Sep-2005"
46,"Cherice","Markussen","cmarkussen19@angelfire.com","894-228-7990","Tasmania","Australia","21-Mar-2009"
47,"Etan","Moulden","emoulden1a@icio.us","444-995-2755","Bremen","Germany","22-Feb-2003"
48,"Kristin","Anniwell","kanniwell1b@1688.com","815-956-0461","Illinois","United States","27-Jun-2018"
49,"Abram","Skitt","askitt1c@google.fr","602-307-9286","Arizona","United States","22-Jul-2019"
50,"Darla","Lenney","dlenney1d@columbia.edu","781-862-6859","Massachusetts","United States","23-Jun-2019"
51,"Mersey","Iredell","miredell1e@fastcompany.com","812-353-8471","Indiana","United States","12-Dec-2007"
52,"Bonnee","Bardwell","bbardwell1f@apple.com","846-116-2599","New South Wales","Australia","14-Jun-2012"
53,"Shelagh","Corness","scorness1g@nature.com","330-453-5168","Ohio","United States","06-Dec-2016"
54,"Modestia","Giovannoni","mgiovannoni1h@de.vu","801-329-5110","Utah","United States","23-Nov-2001"
55,"Kenn","Pierrepoint","kpierrepoint1i@oakley.com","617-755-5197","Massachusetts","United States","15-Feb-2000"
56,"Penni","Force","pforce1j@posterous.com","760-546-3774","California","United States","11-Aug-2009"
57,"Sheridan","Nutt","snutt1k@wordpress.com","571-715-1996","Virginia","United States","05-May-2019"
58,"Emmi","Benley","ebenley1l@time.com","323-974-9225","California","United States","21-Sep-2013"
59,"Lorelei","Handyside","lhandyside1m@msu.edu","262-858-6197","Wisconsin","United States","26-Jul-2004"
60,"Gill","Normaville","gnormaville1n@quantcast.com","167-985-1317","Sachsen","Germany","22-Sep-2007"
61,"Sheilah","Greatland","sgreatland1o@instagram.com","573-551-9189","Missouri","United States","06-Aug-2011"
62,"Evangelina","Finker","efinker1p@clickbank.net","918-857-4347","Oklahoma","United States","12-Jul-2010"
63,"Chicky","Curee","ccuree1q@so-net.ne.jp","856-334-7285","New Jersey","United States","20-Apr-2002"
64,"Melissa","Curnokk","mcurnokk1r@google.com.au","682-956-4879","Texas","United States","08-Aug-2016"
65,"Tracey","Nockalls","tnockalls1s@hao123.com","907-753-3193","Alaska","United States","29-Jul-2012"
66,"Andrus","Stinson","astinson1t@dagondesign.com","714-545-3562","California","United States","28-Aug-2009"
67,"Brocky","Mancell","bmancell1u@businesswire.com","817-192-3439","Texas","United States","21-Nov-1999"
68,"Cornall","Godsell","cgodsell1v@elegantthemes.com","845-908-7156","Nordrhein-Westfalen","Germany","01-Sep-2013"
69,"Gilbertina","Waters","gwaters1w@surveymonkey.com","310-489-6026","California","United States","02-Oct-2013"
70,"Cleo","Haselhurst","chaselhurst1x@skyrock.com","213-156-4530","California","United States","03-May-2019"
71,"Ardene","Brotherwood","abrotherwood1y@ning.com","415-893-6261","California","United States","06-May-2004"
72,"Lillis","Cowap","lcowap1z@nih.gov","214-166-8858","Texas","United States","27-Jan-2012"
73,"Phil","Gillhespy","pgillhespy20@odnoklassniki.ru","949-921-5452","California","United States","19-Aug-2009"
74,"Clarinda","McCaskill","cmccaskill21@irs.gov","314-158-9324","Missouri","United States","09-Apr-2001"
75,"Agace","Cohane","acohane22@technorati.com","315-492-1224","Western Australia","Australia","27-Feb-2015"
76,"Melisande","McKaile","mmckaile23@imgur.com","901-261-2029","Tennessee","United States","29-Aug-2004"
77,"Evelyn","Barlass","ebarlass24@ed.gov","979-494-4808","Texas","United States","11-Aug-2016"
78,"Niel","Molloy","nmolloy25@tripadvisor.com","610-668-1731","Pennsylvania","United States","05-Oct-2002"
79,"Gothart","Rikard","grikard26@soundcloud.com","310-379-0905","California","United States","01-Dec-2013"
80,"Pennie","Stagg","pstagg27@apple.com","213-118-6302","California","United States","18-Feb-2000"
81,"Tammie","McCarrick","tmccarrick28@cisco.com","510-301-5642","California","United States","21-Nov-2008"
82,"Brady","Chedzoy","bchedzoy29@plala.or.jp","828-562-9516","North Carolina","United States","04-May-2015"
83,"Wendye","Grady","wgrady2a@sbwire.com","469-687-7611","Texas","United States","04-Jul-2004"
84,"Hadlee","Tomlins","htomlins2b@yandex.ru","251-711-2954","Alabama","United States","13-Aug-2002"
85,"Hurlee","Crosham","hcrosham2c@reddit.com","513-109-9500","Ohio","United States","10-Jun-2006"
86,"Madelin","Calendar","mcalendar2d@auda.org.au","888-115-6800","Nordrhein-Westfalen","Germany","31-Oct-2011"
87,"Florenza","Padefield","fpadefield2e@washington.edu","784-618-7730","Hamburg","Germany","29-Dec-2005"
88,"Gale","Hubane","ghubane2f@icq.com","209-464-6827","California","United States","26-Jan-2013"
89,"Jolie","Semiras","jsemiras2g@reverbnation.com","713-185-2714","Texas","United States","18-May-2000"
90,"Laverna","Harder","lharder2h@usa.gov","589-982-5665","Baden-Württemberg","Germany","08-Nov-2001"
91,"Gale","Bygreaves","gbygreaves2i@hugedomains.com","408-336-9715","California","United States","29-Oct-2012"
92,"Jo","Clac","jclac2j@nasa.gov","512-108-8365","Texas","United States","15-Jun-2014"
93,"Dorothee","Bowditch","dbowditch2k@bizjournals.com","212-642-1824","New York","United States","24-Jan-2005"
94,"Philomena","Vigar","pvigar2l@apache.org","757-765-9624","Virginia","United States","22-Feb-2006"
95,"Diann","Forsdike","dforsdike2m@nbcnews.com","336-208-5758","North Carolina","United States","12-Sep-1999"
96,"Anett","Franzke","afranzke2n@tripadvisor.com","714-849-7605","California","United States","05-Nov-2001"
97,"Constantine","Hulkes","chulkes2o@msn.com","704-355-8891","North Carolina","United States","06-Feb-2009"
98,"Trenton","Fores","tfores2p@typepad.com","524-333-5941","New South Wales","Australia","08-Oct-1999"
99,"Cameron","Gosforth","cgosforth2q@cdc.gov","212-129-5023","New York","United States","11-Apr-2015"
100,"Tremaine","Dubble","tdubble2r@slate.com","313-336-2543","Michigan","United States","10-Jan-2017"
